name, created_at, deposit_signature, withdraw_signature, proxy_contract, stake_token
bzx, 10785055, 0x40c10f19, 0x9dc29fac, 0x6b093998d36f2c7f0cc359441fbb24cc629d5ff0, 0x6b093998D36f2C7F0cc359441FBB24CC629D5FF0
visor, 13148651, 0x2e2d2984, 0xb460af94, 0xC9f27A50f82571C1C8423A42970613b8dBDA14ef, 0x3a84aD5d16aDBE566BAA6b3DafE39Db3D5E261E5
umbrella, 14385979, 0xa694fc3a, 0x2e1a7d4d, 0xB3FB1D01B07A706736Ca175f827e4F56021b85dE, 
akropolis, 10644381, 0x562fa0df;0xb11092c2, 0x7bfe950c;0xcc6dbc27, 0x73fc3038b4cd8ffd07482b92a52ea806505e5748, 0x2AFA3c8Bf33E65d5036cD0f1c3599716894B3077
value_defi, 11222844, 0x341cd53a;0xdd786834;0x47f6512b, 0x23deedcf;0x84570634;0x09fd9fc3;0x903832f9, 0x8764f2c305b79680cfcc3398a96aedea9260f7ff, 0x55BF8304C78Ba6fe47fd251F37d7beb485f86d26
ousd, 10884566, 0x40c10f19;0x07ea5477, 0xdb006a75;0x2f4350c2, 0x277e80f3e14e7fb3fc40a9d6184088e0241034bd, 0x2A8e1E676Ec238d8A992307B495b45B3fEAa5e86
harvest_finance, 11086842, None, None, 0xf0358e8c3CD5Fa238a29301d0bEa3D63A17bEdBE;0xf8ce90c2710713552fb564869694b2505bfc0846, 0xf0358e8c3CD5Fa238a29301d0bEa3D63A17bEdBE
lendf_me, 8295432, None, None, 0x0eEe3E3828A45f7601D5F54bF49bB01d1A9dF5ea,
rari, 11093437, None, None, 0xD6e194aF3d9674b62D1b30Ec676030C23961275e, 0xCda4770d65B4211364Cb870aD6bE19E7Ef1D65f4
punk, 12944786, None, None, 0x929cb86046E421abF7e1e02dE7836742654D49d6, 0x5d3a536E4D6DbD6114cc1Ead35777bAB948E3643
popsicle, 12705397, None, None, 0xc4ff55a4329f84f9Bf0F5619998aB570481EBB48, 0xc4ff55a4329f84f9Bf0F5619998aB570481EBB48
bacon, 12916875, None, None, 0xb8919522331c59f5c16bdfaa6a121a6e03a91f62;0xf4e4c445a64d1f3eb7192ef78b956aca78f893e5, 0xb8919522331c59f5c16bdfaa6a121a6e03a91f62
donation, 13701115, None, None, 0x06EAFc6749723583672Fc8f4451c8ec0E59F5798,